"","id","cnt"
"366",1,0
"367",2,0
"368",3,0
"369",4,0
"370",5,0
"371",6,0
"372",7,0
"373",8,0
"374",9,0
"375",10,0
"376",11,0
"377",12,0
"378",13,0
"379",14,0
"380",15,0
"381",16,0
"382",17,0
"383",18,0
"384",19,0
"385",20,0
"386",21,0
"387",22,0
"388",23,0
"389",24,0
"390",25,0
"391",26,0
"392",27,0
"393",28,0
"394",29,0
"395",30,0
"396",31,0
"397",32,0
"398",33,0
"399",34,0
"400",35,0
"401",36,0
"402",37,0
"403",38,0
"404",39,0
"405",40,0
"406",41,0
"407",42,0
"408",43,0
"409",44,0
"410",45,0
"411",46,0
"412",47,0
"413",48,0
"414",49,0
"415",50,0
"416",51,0
"417",52,0
"418",53,0
"419",54,0
"420",55,0
"421",56,0
"422",57,0
"423",58,0
"424",59,0
"425",60,0
"426",61,0
"427",62,0
"428",63,0
"429",64,0
"430",65,0
"431",66,0
"432",67,0
"433",68,0
"434",69,0
"435",70,0
"436",71,0
"437",72,0
"438",73,0
"439",74,0
"440",75,0
"441",76,0
"442",77,0
"443",78,0
"444",79,0
"445",80,0
"446",81,0
"447",82,0
"448",83,0
"449",84,0
"450",85,0
"451",86,0
"452",87,0
"453",88,0
"454",89,0
"455",90,0
"456",91,0
"457",92,0
"458",93,0
"459",94,0
"460",95,0
"461",96,0
"462",97,0
"463",98,0
"464",99,0
"465",100,0
"466",101,0
"467",102,0
"468",103,0
"469",104,0
"470",105,0
"471",106,0
"472",107,0
"473",108,0
"474",109,0
"475",110,0
"476",111,0
"477",112,0
"478",113,0
"479",114,0
"480",115,0
"481",116,0
"482",117,0
"483",118,0
"484",119,0
"485",120,0
"486",121,0
"487",122,0
"488",123,0
"489",124,0
"490",125,0
"491",126,0
"492",127,0
"493",128,0
"494",129,0
"495",130,0
"496",131,0
"497",132,0
"498",133,0
"499",134,0
"500",135,0
"501",136,0
"502",137,0
"503",138,0
"504",139,0
"505",140,0
"506",141,0
"507",142,0
"508",143,0
"509",144,0
"510",145,0
"511",146,0
"512",147,0
"513",148,0
"514",149,0
"515",150,0
"516",151,0
"517",152,0
"518",153,0
"519",154,0
"520",155,0
"521",156,0
"522",157,0
"523",158,0
"524",159,0
"525",160,0
"526",161,0
"527",162,0
"528",163,0
"529",164,0
"530",165,0
"531",166,0
"532",167,0
"533",168,0
"534",169,0
"535",170,0
"536",171,0
"537",172,0
"538",173,0
"539",174,0
"540",175,0
"541",176,0
"542",177,0
"543",178,0
"544",179,0
"545",180,0
"546",181,0
"547",182,0
"548",183,0
"549",184,0
"550",185,0
"551",186,0
"552",187,0
"553",188,0
"554",189,0
"555",190,0
"556",191,0
"557",192,0
"558",193,0
"559",194,0
"560",195,0
"561",196,0
"562",197,0
"563",198,0
"564",199,0
"565",200,0
"566",201,0
"567",202,0
"568",203,0
"569",204,0
"570",205,0
"571",206,0
"572",207,0
"573",208,0
"574",209,0
"575",210,0
"576",211,0
"577",212,0
"578",213,0
"579",214,0
"580",215,0
"581",216,0
"582",217,0
"583",218,0
"584",219,0
"585",220,0
"586",221,0
"587",222,0
"588",223,0
"589",224,0
"590",225,0
"591",226,0
"592",227,0
"593",228,0
"594",229,0
"595",230,0
"596",231,0
"597",232,0
"598",233,0
"599",234,0
"600",235,0
"601",236,0
"602",237,0
"603",238,0
"604",239,0
"605",240,0
"606",241,0
"607",242,0
"608",243,0
"609",244,0
"610",245,0
"611",246,0
"612",247,0
"613",248,0
"614",249,0
"615",250,0
"616",251,0
"617",252,0
"618",253,0
"619",254,0
"620",255,0
"621",256,0
"622",257,0
"623",258,0
"624",259,0
"625",260,0
"626",261,0
"627",262,0
"628",263,0
"629",264,0
"630",265,0
"631",266,0
"632",267,0
"633",268,0
"634",269,0
"635",270,0
"636",271,0
"637",272,0
"638",273,0
"639",274,0
"640",275,0
"641",276,0
"642",277,0
"643",278,0
"644",279,0
"645",280,0
"646",281,0
"647",282,0
"648",283,0
"649",284,0
"650",285,0
"651",286,0
"652",287,0
"653",288,0
"654",289,0
"655",290,0
"656",291,0
"657",292,0
"658",293,0
"659",294,0
"660",295,0
"661",296,0
"662",297,0
"663",298,0
"664",299,0
"665",300,0
"666",301,0
"667",302,0
"668",303,0
"669",304,0
"670",305,0
"671",306,0
"672",307,0
"673",308,0
"674",309,0
"675",310,0
"676",311,0
"677",312,0
"678",313,0
"679",314,0
"680",315,0
"681",316,0
"682",317,0
"683",318,0
"684",319,0
"685",320,0
"686",321,0
"687",322,0
"688",323,0
"689",324,0
"690",325,0
"691",326,0
"692",327,0
"693",328,0
"694",329,0
"695",330,0
"696",331,0
"697",332,0
"698",333,0
"699",334,0
"700",335,0
"701",336,0
"702",337,0
"703",338,0
"704",339,0
"705",340,0
"706",341,0
"707",342,0
"708",343,0
"709",344,0
"710",345,0
"711",346,0
"712",347,0
"713",348,0
"714",349,0
"715",350,0
"716",351,0
"717",352,0
"718",353,0
"719",354,0
"720",355,0
"721",356,0
"722",357,0
"723",358,0
"724",359,0
"725",360,0
"726",361,0
"727",362,0
"728",363,0
"729",364,0
"730",365,0
"731",366,0
